id,first_name,last_name,email,gender,ip_address
1,Jerald,Hucks,jhucks0@jugem.jp,Male,176.247.244.128
2,Konstanze,Graeber,kgraeber1@aboutads.info,Female,27.163.114.74
3,Cristi,Manders,cmanders2@chicagotribune.com,Female,72.168.99.235
4,Ivett,Seamer,iseamer3@answers.com,Female,24.186.72.44
5,Desmond,Costock,dcostock4@gov.uk,Male,195.239.20.249
6,Cordie,Renzo,crenzo5@samsung.com,Male,164.47.52.209
7,Terri,Abbe,tabbe6@gov.uk,Male,34.230.249.153
8,Merline,Crawford,mcrawford7@shinystat.com,Female,165.191.216.14
9,Lisetta,Gandar,lgandar8@wikimedia.org,Female,197.24.139.197
10,Colleen,Stapells,cstapells9@chronoengine.com,Female,138.83.56.178